baixa_k1,atividade_k2_max,gravacoes_por_locutor,gravacoes_selecionadas,gravacoes_elegiveis,treino_por_locutor,validacao_por_locutor,teste_por_locutor,quadros_baixa_selecionados,quadros_atividade_selecionados,minimo_grupo_original
1,219,5,540,1199,3,1,1,540,118260,0
1,152,10,1080,2970,6,2,2,1080,164160,1
1,127,15,1620,4645,9,3,3,1620,205740,1
1,111,20,2160,6396,12,4,4,2160,239760,2
1,93,25,2700,9371,15,5,5,2700,251100,4
1,88,30,3240,10422,18,6,6,3240,285120,5
1,87,35,3780,10634,21,7,7,3780,328860,5
1,84,40,4320,11290,24,8,8,4320,362880,6
1,81,45,4860,11966,27,9,9,4860,393660,7
1,78,50,5400,12675,30,10,10,5400,421200,8
1,73,55,5940,13865,33,11,11,5940,433620,9
1,72,60,6480,14111,36,12,12,6480,466560,10
1,70,65,7020,14564,39,13,13,7020,491400,11
1,69,70,7560,14811,42,14,14,7560,521640,11
1,64,75,8100,16012,45,15,15,8100,518400,12
1,62,80,8640,16486,48,16,16,8640,535680,14
1,59,85,9180,17111,51,17,17,9180,541620,14
1,54,90,9720,18054,54,18,18,9720,524880,16
1,52,95,10260,18400,57,19,19,10260,533520,17
1,41,100,10800,19836,60,20,20,10800,442800,17
2,175,5,540,1919,3,1,1,1080,94500,0
2,137,10,1080,3783,6,2,2,2160,147960,1
2,123,15,1620,4868,9,3,3,3240,199260,1
2,99,20,2160,8070,12,4,4,4320,213840,2
2,92,25,2700,9317,15,5,5,5400,248400,4
2,87,30,3240,10359,18,6,6,6480,281880,4
2,85,35,3780,10780,21,7,7,7560,321300,5
2,82,40,4320,11430,24,8,8,8640,354240,6
2,79,45,4860,12132,27,9,9,9720,383940,7
2,75,50,5400,13008,30,10,10,10800,405000,8
2,71,55,5940,13975,33,11,11,11880,421740,9
2,69,60,6480,14435,36,12,12,12960,447120,10
2,64,65,7020,15607,39,13,13,14040,449280,10
2,62,70,7560,16069,42,14,14,15120,468720,11
2,59,75,8100,16677,45,15,15,16200,477900,11
2,54,80,8640,17604,48,16,16,17280,466560,13
2,50,85,9180,18281,51,17,17,18360,459000,13
2,35,90,9720,19695,54,18,18,19440,340200,13
3,175,5,540,1877,3,1,1,1620,94500,0
3,137,10,1080,3696,6,2,2,3240,147960,1
3,117,15,1620,5375,9,3,3,4860,189540,1
3,94,20,2160,8743,12,4,4,6480,203040,1
3,88,25,2700,9897,15,5,5,8100,237600,3
3,87,30,3240,10099,18,6,6,9720,281880,4
3,84,35,3780,10717,21,7,7,11340,317520,5
3,81,40,4320,11361,24,8,8,12960,349920,6
3,76,45,4860,12479,27,9,9,14580,369360,7
3,73,50,5400,13178,30,10,10,16200,394200,8
3,70,55,5940,13852,33,11,11,17820,415800,9
3,64,60,6480,15237,36,12,12,19440,414720,9
3,60,65,7020,16106,39,13,13,21060,421200,9
3,53,70,7560,17373,42,14,14,22680,400680,9
4,175,5,540,1841,3,1,1,2160,94500,0
4,125,10,1080,4498,6,2,2,4320,135000,1
4,110,15,1620,6101,9,3,3,6480,178200,1
4,94,20,2160,8560,12,4,4,8640,203040,1
4,88,25,2700,9690,15,5,5,10800,237600,3
4,87,30,3240,9886,18,6,6,12960,281880,4
4,80,35,3780,11355,21,7,7,15120,302400,6
4,77,40,4320,12008,24,8,8,17280,332640,7
4,70,45,4860,13567,27,9,9,19440,340200,7
4,62,50,5400,15374,30,10,10,21600,334800,8
4,55,55,5940,16682,33,11,11,23760,326700,8
5,150,5,540,2813,3,1,1,2700,81000,0
5,114,10,1080,5515,6,2,2,5400,123120,1
5,96,15,1620,8029,9,3,3,8100,155520,1
5,91,20,2160,8926,12,4,4,10800,196560,2
5,88,25,2700,9502,15,5,5,13500,237600,3
5,79,30,3240,11331,18,6,6,16200,255960,5
5,76,35,3780,11950,21,7,7,18900,287280,5
5,66,40,4320,14148,24,8,8,21600,285120,5
5,54,45,4860,16488,27,9,9,24300,262440,5
6,129,5,540,4039,3,1,1,3240,69660,0
6,97,10,1080,7712,6,2,2,6480,104760,1
6,95,15,1620,8072,9,3,3,9720,153900,1
6,90,20,2160,8948,12,4,4,12960,194400,2
6,79,25,2700,11129,15,5,5,16200,213300,4
6,76,30,3240,11740,18,6,6,19440,246240,4
6,66,35,3780,13898,21,7,7,22680,249480,4
6,54,40,4320,16199,24,8,8,25920,233280,5
7,124,5,540,4307,3,1,1,3780,66960,0
7,96,10,1080,7740,6,2,2,7560,103680,1
7,94,15,1620,8088,9,3,3,11340,152280,1
7,88,20,2160,9169,12,4,4,15120,190080,3
7,79,25,2700,10928,15,5,5,18900,213300,3
7,73,30,3240,12167,18,6,6,22680,236520,4
7,60,35,3780,14893,21,7,7,26460,226800,4
8,123,5,540,4310,3,1,1,4320,66420,0
8,96,10,1080,7596,6,2,2,8640,103680,1
8,91,15,1620,8455,9,3,3,12960,147420,2
8,82,20,2160,10121,12,4,4,17280,177120,3
8,77,25,2700,11119,15,5,5,21600,207900,3
8,69,30,3240,12791,18,6,6,25920,223560,4
9,123,5,540,4238,3,1,1,4860,66420,0
9,96,10,1080,7472,6,2,2,9720,103680,1
9,90,15,1620,8488,9,3,3,14580,145800,2
9,79,20,2160,10545,12,4,4,19440,170640,3
9,73,25,2700,11743,15,5,5,24300,197100,3
9,54,30,3240,15356,18,6,6,29160,174960,3
10,123,5,540,4178,3,1,1,5400,66420,0
10,96,10,1080,7370,6,2,2,10800,103680,1
10,90,15,1620,8376,9,3,3,16200,145800,2
10,79,20,2160,10408,12,4,4,21600,170640,2
10,42,25,2700,16621,15,5,5,27000,113400,3
11,115,5,540,4866,3,1,1,5940,62100,0
11,95,10,1080,7434,6,2,2,11880,102600,0
11,71,15,1620,11831,9,3,3,17820,115020,1
12,115,5,540,4797,3,1,1,6480,62100,0
12,94,10,1080,7493,6,2,2,12960,101520,0
12,42,15,1620,16122,9,3,3,19440,68040,0
13,106,5,540,5734,3,1,1,7020,57240,0
13,71,10,1080,11497,6,2,2,14040,76680,0
14,103,5,540,6010,3,1,1,7560,55620,0
14,61,10,1080,13218,6,2,2,15120,65880,0
15,96,5,540,6839,3,1,1,8100,51840,0
15,42,10,1080,15428,6,2,2,16200,45360,0
16,94,5,540,7060,3,1,1,8640,50760,0
17,94,5,540,6965,3,1,1,9180,50760,0
18,94,5,540,6873,3,1,1,9720,50760,0
19,71,5,540,10562,3,1,1,10260,38340,0
20,42,5,540,14351,3,1,1,10800,22680,0
21,42,5,540,14137,3,1,1,11340,22680,0
22,42,5,540,13945,3,1,1,11880,22680,0
23,42,5,540,13753,3,1,1,12420,22680,0
24,42,5,540,13565,3,1,1,12960,22680,0
25,42,5,540,13382,3,1,1,13500,22680,0
26,42,5,540,13188,3,1,1,14040,22680,0
