locutores_retirados,locutores_mantidos,gravacoes_por_locutor,gravacoes_selecionadas,baixa_k1_max,atividade_k2_max,locutores_retirados_ids
0,108,5,540,26,42,
0,108,10,1080,15,42,
0,108,15,1620,12,42,
0,108,20,2160,10,79,
0,108,25,2700,10,42,
0,108,30,3240,9,54,
0,108,35,3780,7,60,
0,108,40,4320,6,54,
0,108,50,5400,4,62,
0,108,60,6480,3,64,
1,107,5,535,30,79,41
1,107,10,1070,23,63,41
1,107,15,1605,16,63,41
1,107,20,2140,14,60,41
1,107,25,2675,12,54,41
1,107,30,3210,9,69,105
1,107,35,3745,8,56,105
1,107,40,4280,6,71,105
1,107,50,5350,5,56,105
1,107,60,6420,4,57,105
2,106,5,530,32,63,"41,99"
2,106,10,1060,23,76,"41,54"
2,106,15,1590,17,60,"41,54"
2,106,20,2120,14,66,"41,105"
2,106,25,2650,12,63,"41,105"
2,106,30,3180,11,51,"41,105"
2,106,35,3710,9,63,"41,105"
2,106,40,4240,7,67,"41,105"
2,106,50,5300,6,61,"41,105"
2,106,60,6360,4,62,"103,105"
3,105,5,525,33,63,"41,54,99"
3,105,10,1050,26,63,"41,54,105"
3,105,15,1575,19,75,"41,54,105"
3,105,20,2100,15,62,"41,54,105"
3,105,25,2625,12,65,"41,54,105"
3,105,30,3150,11,66,"41,54,105"
3,105,35,3675,9,66,"41,54,105"
3,105,40,4200,8,62,"41,44,105"
3,105,50,5250,7,52,"41,44,105"
3,105,60,6300,5,49,"41,44,105"
4,104,5,520,33,79,"41,54,99,106"
4,104,10,1040,26,64,"41,54,105,106"
4,104,15,1560,20,75,"41,44,54,105"
4,104,20,2080,16,62,"41,44,54,105"
4,104,25,2600,14,57,"41,44,54,105"
4,104,30,3120,12,57,"41,44,54,105"
4,104,35,3640,10,61,"41,44,54,105"
4,104,40,4160,10,43,"41,44,54,105"
4,104,50,5200,7,63,"41,44,103,105"
4,104,60,6240,6,41,"41,44,105,106"
5,103,5,515,35,66,"41,54,99,105,106"
5,103,10,1030,27,58,"41,44,54,99,105"
5,103,15,1545,22,63,"41,44,54,99,105"
5,103,20,2060,17,58,"41,44,54,99,105"
5,103,25,2575,14,64,"41,44,54,103,105"
5,103,30,3090,13,41,"41,44,54,99,105"
5,103,35,3605,11,57,"41,44,54,99,105"
5,103,40,4120,11,35,"41,44,54,99,105"
5,103,50,5150,8,41,"41,44,54,99,105"
5,103,60,6180,6,51,"41,44,103,105,106"
6,102,5,510,40,57,"41,44,54,99,105,106"
6,102,10,1020,32,46,"41,44,54,99,105,106"
6,102,15,1530,24,61,"41,44,54,99,105,106"
6,102,20,2040,21,46,"41,44,54,99,105,106"
6,102,25,2550,17,43,"41,44,54,99,105,106"
6,102,30,3060,14,63,"41,44,54,99,103,105"
6,102,35,3570,12,76,"41,44,54,99,103,105"
6,102,40,4080,11,63,"41,44,54,99,103,105"
6,102,50,5100,8,58,"41,44,54,99,103,105"
6,102,60,6120,6,58,"41,44,54,103,105,106"
7,101,5,505,41,58,"41,44,54,99,103,105,106"
7,101,10,1010,34,46,"41,44,54,99,103,105,106"
7,101,15,1515,27,57,"41,44,54,99,105,106,107"
7,101,20,2020,21,57,"41,44,54,99,105,106,107"
7,101,25,2525,19,62,"41,44,54,99,103,105,106"
7,101,30,3030,17,62,"41,44,54,99,103,105,106"
7,101,35,3535,15,46,"41,44,54,99,103,105,106"
7,101,40,4040,14,54,"41,44,54,99,103,105,106"
7,101,50,5050,11,62,"41,44,54,99,103,105,106"
7,101,60,6060,9,60,"41,44,54,99,103,105,106"
8,100,5,500,41,64,"41,44,54,83,99,103,105,106"
8,100,10,1000,34,69,"41,44,54,99,103,105,106,107"
8,100,15,1500,28,77,"41,44,54,99,103,105,106,107"
8,100,20,2000,25,46,"41,44,54,99,103,105,106,107"
8,100,25,2500,22,62,"41,44,54,99,103,105,106,107"
8,100,30,3000,18,67,"41,44,54,99,103,105,106,107"
8,100,35,3500,17,46,"41,44,54,99,103,105,106,107"
8,100,40,4000,15,46,"41,44,54,99,103,105,106,107"
8,100,50,5000,12,59,"41,44,54,99,103,105,106,107"
8,100,60,6000,11,46,"41,44,54,99,103,105,106,107"
9,99,5,495,42,64,"41,44,54,83,99,103,105,106,107"
9,99,10,990,37,59,"41,44,54,89,99,103,105,106,107"
9,99,15,1485,30,77,"40,41,44,54,99,103,105,106,107"
9,99,20,1980,26,68,"41,44,54,89,99,103,105,106,107"
9,99,25,2475,22,74,"7,41,44,54,99,103,105,106,107"
9,99,30,2970,22,30,"41,44,54,89,99,103,105,106,107"
9,99,35,3465,18,60,"41,44,54,89,99,103,105,106,107"
9,99,40,3960,17,59,"41,44,54,89,99,103,105,106,107"
9,99,50,4950,15,30,"41,44,54,89,99,103,105,106,107"
9,99,60,5940,13,30,"41,44,54,89,99,103,105,106,107"
10,98,5,490,43,60,"41,44,54,83,89,99,103,105,106,107"
10,98,10,980,37,68,"14,41,44,54,89,99,103,105,106,107"
10,98,15,1470,33,60,"40,41,44,54,89,99,103,105,106,107"
10,98,20,1960,31,52,"40,41,44,54,89,99,103,105,106,107"
10,98,25,2450,27,52,"40,41,44,54,89,99,103,105,106,107"
10,98,30,2940,25,48,"40,41,44,54,89,99,103,105,106,107"
10,98,35,3430,24,25,"40,41,44,54,89,99,103,105,106,107"
10,98,40,3920,20,25,"40,41,44,54,89,99,103,105,106,107"
10,98,50,4900,16,52,"40,41,44,54,89,99,103,105,106,107"
10,98,60,5880,15,45,"40,41,44,54,89,99,103,105,106,107"
11,97,5,485,46,48,"41,44,54,83,89,91,99,103,105,106,107"
11,97,10,970,38,58,"40,41,44,54,89,91,99,103,105,106,107"
11,97,15,1455,36,45,"40,41,44,54,89,91,99,103,105,106,107"
11,97,20,1940,32,45,"40,41,44,54,89,91,99,103,105,106,107"
11,97,25,2425,31,41,"40,41,44,54,89,91,99,103,105,106,107"
11,97,30,2910,29,32,"40,41,44,54,89,91,99,103,105,106,107"
11,97,35,3395,25,42,"40,41,44,54,89,91,99,103,105,106,107"
11,97,40,3880,21,42,"40,41,44,54,89,91,99,103,105,106,107"
11,97,50,4850,18,42,"40,41,44,54,89,91,99,103,105,106,107"
11,97,60,5820,16,42,"40,41,44,54,89,91,99,103,105,106,107"
12,96,5,480,48,48,"14,41,44,54,83,89,91,99,103,105,106,107"
12,96,10,960,40,52,"40,41,44,54,83,89,91,99,103,105,106,107"
12,96,15,1440,37,39,"40,41,44,54,83,89,91,99,103,105,106,107"
12,96,20,1920,33,45,"23,40,41,44,54,89,91,99,103,105,106,107"
12,96,25,2400,31,47,"7,40,41,44,54,89,91,99,103,105,106,107"
12,96,30,2880,29,37,"14,40,41,44,54,89,91,99,103,105,106,107"
12,96,35,3360,27,41,"7,40,41,44,54,89,91,99,103,105,106,107"
12,96,40,3840,25,39,"7,40,41,44,54,89,91,99,103,105,106,107"
12,96,50,4800,21,44,"7,40,41,44,54,89,91,99,103,105,106,107"
12,96,60,5760,16,47,"7,40,41,44,54,89,91,99,103,105,106,107"
13,95,5,475,55,57,"7,14,41,44,54,83,89,91,99,103,105,106,107"
13,95,10,950,42,46,"14,40,41,44,54,83,89,91,99,103,105,106,107"
13,95,15,1425,40,43,"14,40,41,44,54,83,89,91,99,103,105,106,107"
13,95,20,1900,34,44,"14,23,40,41,44,54,89,91,99,103,105,106,107"
13,95,25,2375,31,48,"7,14,40,41,44,54,89,91,99,103,105,106,107"
13,95,30,2850,29,41,"14,23,40,41,44,54,89,91,99,103,105,106,107"
13,95,35,3325,28,29,"7,23,40,41,44,54,89,91,99,103,105,106,107"
13,95,40,3800,26,32,"7,40,41,44,54,83,89,91,99,103,105,106,107"
13,95,50,4750,21,51,"7,40,41,44,54,83,89,91,99,103,105,106,107"
13,95,60,5700,17,47,"7,40,41,44,54,87,89,91,99,103,105,106,107"
14,94,5,470,55,67,"7,14,23,41,44,54,83,89,91,99,103,105,106,107"
14,94,10,940,43,43,"14,23,40,41,44,54,83,89,91,99,103,105,106,107"
14,94,15,1410,40,43,"14,23,40,41,44,54,83,89,91,99,103,105,106,107"
14,94,20,1880,35,41,"14,23,40,41,44,54,83,89,91,99,103,105,106,107"
14,94,25,2350,32,52,"7,14,23,40,41,44,54,89,91,99,103,105,106,107"
14,94,30,2820,29,44,"7,14,23,40,41,44,54,89,91,99,103,105,106,107"
14,94,35,3290,28,44,"7,14,23,40,41,44,54,89,91,99,103,105,106,107"
14,94,40,3760,26,37,"7,14,40,41,44,54,83,89,91,99,103,105,106,107"
14,94,50,4700,22,45,"7,14,40,41,44,54,83,89,91,99,103,105,106,107"
14,94,60,5640,20,40,"7,40,41,44,54,83,87,89,91,99,103,105,106,107"
15,93,5,465,57,62,"7,14,23,40,41,44,54,83,89,91,99,103,105,106,107"
15,93,10,930,46,66,"7,14,23,40,41,44,54,83,89,91,99,103,105,106,107"
15,93,15,1395,43,46,"7,14,23,40,41,44,54,83,89,91,99,103,105,106,107"
15,93,20,1860,37,53,"7,14,23,40,41,44,54,83,89,91,99,103,105,106,107"
15,93,25,2325,34,58,"7,14,23,40,41,44,54,83,89,91,99,103,105,106,107"
15,93,30,2790,33,46,"7,14,23,40,41,44,54,83,89,91,99,103,105,106,107"
15,93,35,3255,29,49,"7,14,23,40,41,44,54,83,89,91,99,103,105,106,107"
15,93,40,3720,26,48,"7,14,23,40,41,44,54,83,89,91,99,103,105,106,107"
15,93,50,4650,23,30,"7,14,40,41,44,54,83,87,89,91,99,103,105,106,107"
15,93,60,5580,20,41,"7,40,41,44,49,54,83,87,89,91,99,103,105,106,107"
16,92,5,460,57,67,"7,14,23,40,41,44,54,56,83,89,91,99,103,105,106,107"
16,92,10,920,46,67,"7,11,14,23,40,41,44,54,83,89,91,99,103,105,106,107"
16,92,15,1380,44,61,"7,14,23,40,41,44,54,83,89,91,99,103,104,105,106,107"
16,92,20,1840,40,41,"7,14,23,29,40,41,44,54,83,89,91,99,103,105,106,107"
16,92,25,2300,35,41,"7,14,23,29,40,41,44,54,83,89,91,99,103,105,106,107"
16,92,30,2760,33,54,"7,14,23,40,41,44,54,83,89,91,99,103,104,105,106,107"
16,92,35,3220,31,43,"7,14,23,40,41,44,54,83,87,89,91,99,103,105,106,107"
16,92,40,3680,29,40,"7,14,23,40,41,44,54,83,87,89,91,99,103,105,106,107"
16,92,50,4600,24,30,"7,14,23,40,41,44,54,83,87,89,91,99,103,105,106,107"
16,92,60,5520,21,34,"7,14,23,40,41,44,54,83,87,89,91,99,103,105,106,107"
17,91,5,455,57,68,"7,14,23,40,41,44,49,54,56,83,89,91,99,103,105,106,107"
17,91,10,910,50,62,"7,14,23,40,41,44,49,54,83,89,91,99,103,104,105,106,107"
17,91,15,1365,44,66,"7,14,23,40,41,44,49,54,83,89,91,99,103,104,105,106,107"
17,91,20,1820,40,51,"7,14,23,29,40,41,44,54,83,89,91,99,103,104,105,106,107"
17,91,25,2275,36,42,"7,14,23,29,40,41,44,54,83,89,91,99,103,104,105,106,107"
17,91,30,2730,33,56,"7,14,23,29,40,41,44,54,83,89,91,99,103,104,105,106,107"
17,91,35,3185,31,46,"7,14,23,40,41,44,49,54,83,87,89,91,99,103,105,106,107"
17,91,40,3640,29,53,"7,14,23,40,41,44,49,54,83,87,89,91,99,103,105,106,107"
17,91,50,4550,26,40,"7,14,23,40,41,44,49,54,83,87,89,91,99,103,105,106,107"
17,91,60,5460,21,46,"7,14,23,40,41,44,49,54,83,87,89,91,99,103,105,106,107"
18,90,5,450,60,70,"7,14,23,40,41,44,49,54,56,83,89,91,99,103,104,105,106,107"
18,90,10,900,52,56,"7,14,23,29,40,41,44,49,54,83,89,91,99,103,104,105,106,107"
18,90,15,1350,45,51,"7,11,14,23,29,40,41,44,54,83,89,91,99,103,104,105,106,107"
18,90,20,1800,43,57,"7,14,23,29,40,41,44,49,54,83,89,91,99,103,104,105,106,107"
18,90,25,2250,38,56,"7,14,23,29,40,41,44,49,54,83,89,91,99,103,104,105,106,107"
18,90,30,2700,34,49,"7,14,23,29,40,41,44,54,83,87,89,91,99,103,104,105,106,107"
18,90,35,3150,33,40,"7,14,23,29,40,41,44,54,83,87,89,91,99,103,104,105,106,107"
18,90,40,3600,31,51,"7,14,23,40,41,44,49,54,83,87,89,91,99,103,104,105,106,107"
18,90,50,4500,26,48,"7,11,14,23,40,41,44,49,54,83,87,89,91,99,103,105,106,107"
18,90,60,5400,22,51,"7,11,14,23,40,41,44,49,54,83,87,89,91,99,103,105,106,107"
19,89,5,445,64,67,"7,14,23,29,40,41,44,49,54,56,83,89,91,99,103,104,105,106,107"
19,89,10,890,53,65,"7,14,23,29,40,41,44,49,54,56,83,89,91,99,103,104,105,106,107"
19,89,15,1335,48,48,"7,11,14,23,29,40,41,44,49,54,83,89,91,99,103,104,105,106,107"
19,89,20,1780,44,53,"7,11,14,23,29,40,41,44,49,54,83,89,91,99,103,104,105,106,107"
19,89,25,2225,39,53,"7,11,14,23,29,40,41,44,49,54,83,89,91,99,103,104,105,106,107"
19,89,30,2670,35,56,"7,14,23,29,40,41,44,49,54,83,87,89,91,99,103,104,105,106,107"
19,89,35,3115,33,55,"7,14,23,29,40,41,44,49,54,83,87,89,91,99,103,104,105,106,107"
19,89,40,3560,31,52,"7,11,14,23,40,41,44,49,54,83,87,89,91,99,103,104,105,106,107"
19,89,50,4450,26,48,"7,11,14,23,40,41,44,49,54,83,87,89,91,99,103,104,105,106,107"
19,89,60,5340,23,44,"7,11,14,23,40,41,44,49,54,77,83,87,89,91,99,103,105,106,107"
20,88,5,440,66,67,"7,14,23,29,36,40,41,44,49,54,56,83,89,91,99,103,104,105,106,107"
20,88,10,880,53,65,"7,14,23,29,40,41,44,49,54,56,77,83,89,91,99,103,104,105,106,107"
20,88,15,1320,49,57,"7,11,14,23,29,40,41,44,49,54,56,83,89,91,99,103,104,105,106,107"
20,88,20,1760,45,48,"7,11,14,23,29,40,41,44,49,54,83,87,89,91,99,103,104,105,106,107"
20,88,25,2200,40,52,"7,11,14,23,29,40,41,44,49,54,77,83,89,91,99,103,104,105,106,107"
20,88,30,2640,37,52,"7,11,14,23,29,40,41,44,49,54,83,87,89,91,99,103,104,105,106,107"
20,88,35,3080,33,56,"7,14,23,29,40,41,44,49,54,62,83,87,89,91,99,103,104,105,106,107"
20,88,40,3520,32,44,"7,14,23,29,40,41,44,49,54,77,83,87,89,91,99,103,104,105,106,107"
20,88,50,4400,27,44,"7,11,14,23,40,41,44,49,54,77,83,87,89,91,99,103,104,105,106,107"
20,88,60,5280,23,48,"7,11,14,15,23,40,41,44,49,54,77,83,87,89,91,99,103,105,106,107"
